{"cameraMode":{"drawMode":0,"name":"Shaded","section":"Shading Mode"},"sceneLighting":true,"audioPlay":false,"sceneViewState":{"showFog":true,"showMaterialUpdate":false,"showSkybox":true,"showFlares":true,"showImageEffects":true,"showParticleSystems":true},"in2DMode":false,"pivot":{"x":4.513484001159668,"y":5.477445602416992,"z":-6.452337265014648},"rotation":{"x":-0.1733204424381256,"y":0.1826087385416031,"z":-0.032721053808927539,"w":-0.9672387838363648},"size":11.925186157226563,"orthographic":false}